id,won,queue,batch
00JzKtE9asU0kYATFzSf,97,abu,m01
040q99bDhX1BDdzo4t2f,570,abu,m02
0AUwS3dCpubgMZzi1Nl4,416,x1,m03
0EDQsITQJsVVtoRmKhfQ,150,abu,m04
0Ggf7v9AlBKHsMgwQfwD,779,apj,m05
0J37sWkfvQQVjR9WYN8X,555,x1,m06
0M0VEL1pZN1ImGTYf8Qn,738,x1,m07
0NS6g87PUFKC2gpBpCkY,276,abu,m08
0R6WROM8RKWElSTX2eX0,788,x1,m09
0WhV3NDKrPiq0mSyr3qs,181,abu,m10
0XxMntqtMubHc31rAC9x,303,abu,m11
0dWihOnmAyOKQxhUMOQu,1080,abu,m12
0ffmotCg9OrQcVFd7ds9,725,abu,m13
0lIuO5imNIuCi32aRMzu,1069,apj,m14
0npIQeZ9l6Ca4ST9NPCB,532,abu,m15
0qgz59HJbH6tj4AJdEth,617,abu,m16
10TOIzADqYy3N32ubT2I,389,abu,m17
12WlkdDgz5dp7LEpZJWq,1097,apj,m18
12uAu5rMJ51qzOqZo70I,1051,abu,m19
13VvG5GB6IJYvmZsYsmN,430,x1,m20
169wCyxc4T7IEIKBTohM,1013,abu,m21
16YoETIUnqtrlgRCG1ew,666,apj,m22
18LLWrPPqbDdPEcNzOcc,741,x1,m23
19gzXkaeYq6vemeA4eKB,798,x1,m24
1FoYLya0qggLeB9vWPoj,471,abu,m25
1IcvML8wUJe6P1qjNxZg,791,x1,m26
1IpHyRGS1ccyxgDx37m9,917,x1,m27
1JJ10HRT7nIOWIrhXEVD,1015,abu,m28
1bjKvdJ1EWzx3LHYjz9D,594,abu,m29
1cydgLJXC41tlTsyYrjK,586,abu,m30
1f5WtGa6mjXR0MfA5ZFX,259,abu,m31
1fF8e75AhsZNfh0M3V47,913,x1,m32
1nNbvmoRelK651ioLm5K,713,x1,m33
1tHOsgQ0Y3rAmefPMq9y,96,abu,m34
2A0Xcb7DVO8NcIO49k6Z,164,abu,m35
2E6jNGBdYHJeO7wo9Unq,184,abu,m36
2G2pYCjeg3MSV3tQ9YJx,947,apj,m37
2R5bCUXErNsmeIRsSRY4,1111,abu,m38
2Xv5PzIjH5oH1xcqsIim,744,apj,m39
2bFKIVdI1Mh6skJOi073,159,abu,m40
2gcJyJnqScvMRxyTl1XE,891,x1,m41
2kp70umeFwEB1eeXsU57,103,abu,m42
2zfkdZNPlDljjneTJSKu,902,x1,m43
31rTlGsTMj5DuqU7W2TG,311,abu,m44
32mvUnJasstVgzbKPUmj,1078,abu,m45
368gJAcWOGKsdzJaRvX4,1009,abu,m46
36VDXjueXHtTLrEHUCMw,383,abu,m47
38N7jYrcWATrOMDJek6R,499,x1,m48
38XrnDKB72RYOcaNdTc9,761,abu,m49
3FdgnDDwgDamUpyCJ5mv,702,apj,m50
3JwOGtOVTon73SAqOrwL,641,abu,m51
3YBXG8M0uyi4MDqD91Zj,195,abu,m52
3Ywc95pFpAm4nSdzoExS,203,abu,m53
3ZqsQeplzuEC8estnxbP,228,abu,m54
3bAD9GSc3z2RROhX2XwY,248,abu,m55
3hCK8eUAZ1bfdjqapBu3,233,x1,m56
3hjCZjCJQIUNDap4uRsi,265,abu,m57
3i8LBkFbQuBMyuRGZ05W,803,abu,m58
3nfi3G0TVO5eG8vTfuWM,626,x1,m59
3sA5rM6kCiJs5pkEWLEP,1027,apj,m60
3xQBtFSysXZyh8Vwdhch,1012,abu,m61
3xr2nlk930mfq9ZLvbx1,305,abu,m62
414zu2ao7obF2kFM2jBD,522,abu,m63
44cjFh08IHq9C0ilox9e,514,x1,m64
451m1ZRLnQHOtd6qVsrL,392,apj,m65
45sDEE78V7AhAPQKZmBU,988,apj,m66
470neIY4kDWlMyh5VvXh,756,x1,m67
47ZrTu2b2fDRxyMjDq1q,852,abu,m68
47fsnzVRj78aJbz7hmX7,126,x1,m69
4GIssBCAgQFphah7oiQ9,900,x1,m70
4KwQVdIqXM55lOH2Wf6t,1104,abu,m71
4Rcq2HoRqmRhm90pp0nX,267,abu,m72
4TpiSDUMq8ddfiMKkKfG,618,abu,m73
4VNtL2y5AiEprOWlvmNo,320,abu,m74
4bCtu43Izyeqcp9opv1j,928,abu,m75
4cD8dTxdp7pomqSCjDfa,669,x1,m76
4cwjt9NViVsp050x54rz,343,abu,m77
4diYClKwiMHWuDwhG5Hs,465,x1,m78
4eXY675WtyeYJZ2ikHeT,1101,abu,m79
4ffqtm2rV0kZMBW4VSaP,503,x1,m80
4jrwcudfN99sbbCBH7D7,183,abu,m81
4lQSU7AuHIH1c4PknECT,543,abu,m82
4lse3ts36MAeGu3WioVo,244,abu,m83
4teziaBm7LONeuV3bxzV,915,x1,m84
4u2cxHgh4oR21wSyhhmZ,1091,abu,m85
4wPaVV6lXgkdsqAr16SW,213,abu,m86
4wgmbHvaIB5A4icn2X36,866,abu,m87
4xBr6xMVoXPgvNwV4rrn,338,abu,m88
51qswPfxjJQCnMC4DZGj,348,abu,m89
53WUoIvqMqCN23RMlfyS,193,abu,m90
54txmwUiBXxiGfvgFMAB,907,x1,m91
57hUcbHpy2gV0A6DRCqA,607,x1,m92
5NPRN1z9NIa3q7hw3ui8,85,abu,m93
5OueQ5y6sfZy1Ry4LwqM,280,x1,m94
5P2VS8pacNqr1IjZTQc3,479,abu,m95
5PMZQOqGPn5GFxJpeNzP,1030,apj,m96
5Q8lQ05PPBA2x8MBGOIh,83,abu,m97
5UArtnW16XNw3CG6zWUf,99,abu,m98
5VkobF6shV5LbDDSuiKp,821,x1,m99
5YpE8gqtBRMXiGxRCeZE,689,abu,m100
5bhuj6stxoQ6MOTwIm44,171,abu,m101
5cRXZydyFgBOGOYWyjE0,1011,abu,m102
5eR8JkZQCZzorOHrlEX6,226,abu,m103
5fGMCNF8BoqrDl8I7Wiw,189,abu,m104
5lgmCnq0PZGrAcUOm1ll,351,abu,m105
5rg8P0HEVsEoMZv8OAkG,188,abu,m106
5xNau6yNXExr0RurRwba,1090,abu,m107
60Q5KzXZGq6NvlN6Fq3C,105,apj,m108
65UNXfQgrBm99sjcuA7o,435,abu,m109
6FsnxEI8coe8TRp5sK9H,722,abu,m110
6KJAQu6AmTSXSRnk1pvV,489,abu,m111
6M9sHz2WLcRxWHeePDLW,979,abu,m112
6O9NsCPMp3CeVdPZnthA,485,abu,m113
6RqfekAZXV5exz9dBd8t,524,abu,m114
6VpBpQjQqkA3XMs1b6M6,1089,abu,m115
6WT3xuk9zZg4e3aC8hOP,502,x1,m116
6bvZn37TX6BnK6V71lov,844,abu,m117
6fGM7TdUUJDUBc5YYrwe,341,abu,m118
6nzgAloxlFa4jw9nBuLQ,454,x1,m119
6olTQKq29OYWntGwonzx,521,abu,m120
6p5PXCMAEUgtHcfpKq8n,571,abu,m121
6tF6VXT4InbOfUhPnG7w,694,abu,m122
6taircO8ZVwje0tgcTfs,910,x1,m123
6x9w3rdocWP0t6jQ9vGB,490,abu,m124
6zr6GENkL5DKTORghrpX,569,abu,m125
79riJUQKHleCJ1EPdtqK,766,abu,m126
7AFw7Pfb6IdCFEOmmz6s,1038,abu,m127
7KQ1RDKhQmyEvgfXh8YD,733,x1,m128
7M3BmE8hKapyVLmNkAzT,573,abu,m129
7PWrc5jib7fA8Fjfam1c,263,abu,m130
7YbxgflcCPrBSrtXKCY1,299,abu,m131
7ZaVTlZjDK4dB5Nid3Jm,224,abu,m132
7ePpm64unK1RtPuo4k5o,209,abu,m133
7iOqsMY4fvuGCoOyF0dM,603,apj,m134
7ja3T61tnEsY79OLrhjF,10,x1,m135
7px9LKrGV6b8r9QMt10v,146,abu,m136
7vd2b4Jn3R0X8po9Yzb0,940,abu,m137
84QXBMOIhGlna8UaqVX8,393,abu,m138
8FYaAGJ6fqNu2PfoUfvp,100,abu,m139
8LRro4tUCPy7p5Hq0mru,1065,apj,m140
8S0j7BHCwRHbEK5ScCqm,674,x1,m141
8TsbjAtFrKSgSgY1s6b7,202,abu,m142
8UWtsy7Gc8yhNUcJKlT4,107,abu,m143
8Wr5rhgtX6b6rqTN9sEX,771,x1,m144
8cgg3TwFKHmNxqk9J71U,825,x1,m145
8fkKd9RgjYZPN6iTdPZE,706,apj,m146
8kqB1DMjJ5Ev2OWq6AT5,219,abu,m147
8wB3GEB2TwRYq4TJGVDB,728,abu,m148
92p60QK1hUklRzLhY4Gd,679,x1,m149
95xMs2TkLmtpcQRwgDLk,749,apj,m150
97GRwYIdofko8a6VrF0a,659,abu,m151
98E5QDENyZIyxdyOnUUc,872,abu,m152
9A1Tzio8XHasACKj2rhf,363,abu,m153
9AziyPQpDhQ6O3NNEPi7,951,x1,m154
9Bbv9lFAS3sQvNv8XYyT,254,x1,m155
9QNs7yDV03ZWUposz17V,627,x1,m156
9ZKyyKmfdPq06dnL2xaj,1026,apj,m157
9awnsiKxvRQBXxU7vBWA,693,abu,m158
9bQU4gd1NDtBMURgdDdW,424,apj,m159
9cLuMTFSbxsqiGKWr35h,154,abu,m160
9dP6gXnK3RItM0nkL7sy,140,abu,m161
9dg3Iw8xo7gYxryL4orR,115,abu,m162
9iacbiqc2mqceDLZbuel,887,x1,m163
9iyP8BXlMM63WP9zh2q3,873,abu,m164
9ll2XMty7ehHWPySC503,200,abu,m165
9xMNs7r8G8CyYukd1sgv,179,abu,m166
A2sHvG5BaOufbB8GDYwz,295,abu,m167
A5QLt2yqiXwV1PgmUp0W,544,x1,m168
A8fPO4JBJmsKmNcA00Yu,677,x1,m169
AEJ9f7LzlFaXLi5Xy7X1,856,x1,m170
AEOg1QQwg64Ze2FRuOiK,576,apj,m171
AF1MBXcSgJq4XfJkgKzL,1068,apj,m172
ALbCj8ycaxjPLRaMtyDC,353,abu,m173
AM4aZ1Y5swb5w3phTWj0,443,abu,m174
ANuOB06GDFaknyrzP0jQ,523,abu,m175
AQTtmaeNCtemWgaTguXV,153,abu,m176
AU4C9VLiwsL96RPy1kyw,94,abu,m177
AcFyGnhB3zO6pkC5OxpZ,662,apj,m178
AhraNcrhWoAhRUV8DNmG,329,abu,m179
Atw8t9cDsvEjFCKcCdM4,296,abu,m180
AxgGcSM2MnbCQDYXgVMV,429,x1,m181
AzolBPOYy3Wsu78CTr7s,621,x1,m182
B30fQx8tZBoALQsbElk9,169,abu,m183
B58IEkOEU9trojCla5WA,1002,abu,m184
B5fANvUOvP0arwSjTkU8,663,apj,m185
BAknZCCud6yiUHa8Kdfr,831,abu,m186
BC2YviHaVYHGsaD2DG99,840,abu,m187
BEQkkMSlU34NMwyUARxe,214,abu,m188
BEWDwmWFofHjvkmeLdlH,990,apj,m189
BHr11QjmiD6Edl06itEj,726,abu,m190
BMIQqvkjQZTfejS7FFfV,790,x1,m191
BPVKHVhavP1uoQUsDXNy,683,abu,m192
BQcg6XiHffAqNHhBZvZA,849,abu,m193
BUw7h6fa1eUfWMqLpU8b,112,x1,m194
BZj3pqmq736ExRf0R0Ej,893,x1,m195
BdlP2JJBCdqBzaM02gc2,1007,abu,m196
Be7xvGUpPBbXS2ZQmH9Q,640,abu,m197
BhD8LwJSgRA8Xl3dzzVF,286,abu,m198
BjiRKF3BHWPPVDqT52YI,745,apj,m199
Bom19thePA4GlXTl0GdZ,1014,abu,m200
BrFhDzTVsKBxIO8QGrjl,294,abu,m201
BuZ7Sco0af3DQMZoqnmI,243,abu,m202
BvonhrkJhclZkgY3S5bj,366,abu,m203
Bz2429jg4tFag4nVkDr5,1032,apj,m204
C0kfOX3hhIGhS53NSzPP,186,abu,m205
C1v2nfQjr07xJlTfuj0F,333,abu,m206
CE23aDxVMD8IjtqDXbCo,142,abu,m207
CEA2jPvIL2hYNAUAQa62,269,abu,m208
CHpjZiQE7pzc9QsI1jgk,554,x1,m209
COy6FWe5XkldYDWN2WUv,948,x1,m210
CdAgZBACF7IwvWp8cyb4,251,abu,m211
CeVKfu8fJBC2snsYVn8X,509,x1,m212
CggoT5GhaotlLWPEtjvY,1031,apj,m213
Cn1NKVH2e0TqEluU3sBn,592,abu,m214
CtkISaR8r1K7xBuNsULy,981,abu,m215
CuLOBa4dCP4sJaG1BK2A,1025,apj,m216
CxUKKSKslLbdjg74nvfY,271,abu,m217
D0wbqoB7AOzcykx1p1se,1100,abu,m218
D5mlNag6Giikd9gFKHvY,1076,abu,m219
D8BGN1SsOWskhYjsbwoD,769,x1,m220
DBMkVV5kZ3dXoKJishS5,527,abu,m221
DH2EX4zuQ0UH1EHPfaIL,644,abu,m222
DIRIJWvYNiFfM3ivP9Pt,323,abu,m223
DNRj3IZiVi0jQejkJzBy,210,abu,m224
DRpeq95kwvkgnKbTihtU,841,abu,m225
DWNfZUmI9TkWbr2R5dgY,281,x1,m226
Di0jADSLOMCtFKDovJlr,859,x1,m227
DiWJL7jScZRnK0UvQT8L,1,x1,m228
Dm2UBur1IvyjkaFM8TRr,701,x1,m229
DrBskdloBH2QlimUzGwn,336,abu,m230
Drz2gCqOGIZExPhte4OX,176,abu,m231
DxJEXYBdsD8avX3kzhut,608,x1,m232
DzCPkZFLztx1LTm1i3PO,372,abu,m233
E0sxaU6rXuUSJW6FWGJ2,950,x1,m234
E1mkVhbJRgdjTlOHlYNR,120,abu,m235
E5CTCOadLQO0ByCPTHff,405,abu,m236
E9p9MfrFhZN5EShNiTWc,398,abu,m237
EGJ2QbgmMzaQ53eBzi9U,428,x1,m238
EHgnK6z7JqZOIOLN93ak,1057,abu,m239
EJJehgGGvIvyp1v94sFS,802,x1,m240
EKE7gA8Jfg1sG3xmFhQN,117,abu,m241
EKRVfujRY8eW20FtGHUv,922,x1,m242
EPQGPEvqw4WzljOlGUNj,696,apj,m243
EWG7TFfJcx5kha7HITo7,287,abu,m244
EuUcX8zE78sAVFbCOCwS,102,abu,m245
Ez6if1CNGrUX4uP2XGoX,631,x1,m246
F0vt6ftzxHtgvupsiXjO,676,x1,m247
F2IGmJb9cBD8tJWifhKk,170,abu,m248
F6gNFCpYipq2n7rRxlNU,538,abu,m249
F70NSxbqT4jx98Yn6jXc,469,abu,m250
FCaeLZqPHQypqj4wkAIQ,751,apj,m251
FExYHbpViB86gZUNYzhQ,962,abu,m252
FGsniMfvn8oeF3Em2M1m,793,x1,m253
FHeZuru009cXYJD95uln,414,apj,m254
FJ0ZTgUqqAFhWHKRpF5X,730,apj,m255
FKT47kkgjgFDxtH7b2E8,345,abu,m256
FOqQtOqivJfSssR7XHyM,1086,abu,m257
FPACbNpqImJP2kH7DzTb,874,abu,m258
FXTd49joAEL6pFloP4Df,591,abu,m259
FcOwr0BfFSF2WgitWs6C,1049,abu,m260
FexdAAOKbp8ynnNuR2pu,875,abu,m261
Fjy2zzModaymwc7yZrkk,1105,abu,m262
FmMSbGdtJlVo1GnnAQUB,968,abu,m263
Fp0PYeKAI5bARxl6Ir98,155,abu,m264
Fs2RlFGDwya5wWDJRNep,407,abu,m265
FsTjhYuPq5QElGcbaOpK,889,x1,m266
FuW9evoYPkY5pnhjEzRu,799,x1,m267
FzWHroV2bcdsRKriUMJR,792,apj,m268
G3rNUIBhChc5QxvznvCJ,996,apj,m269
G404JErmVCi0OUxTa30y,264,abu,m270
G7KwA3v3MdAPQNEkCkC0,533,abu,m271
GEf9wvQ3mC3Nt4ozQHgp,580,apj,m272
GF3Zvc5xOK41DmMu0bsL,985,abu,m273
GGO7lxBqT3lPW2M72dZi,807,x1,m274
GUBzFwgo5xOfTjDHJfYl,879,abu,m275
GVSEiO8P2XTRpaZIP3RJ,152,abu,m276
GWI831Uj7fAshn6MYrrf,539,abu,m277
GZdDhM31pPglt9T7No4p,977,abu,m278
GgdZXaSO1pEsOlN3jqEs,837,abu,m279
GoOtn6RDbj7AB7HHgOL5,180,abu,m280
GxAAeDj1x3Yw23K9aFap,927,abu,m281
H4nGoVv8kz7hHkHOuofL,828,abu,m282
H5YvodzWbC5HaG6vaYvx,182,abu,m283
HDNoQnFQe5YLJhgv8FU6,629,x1,m284
HIs397osMccQAGTBPT0r,326,abu,m285
HN0SFd5j265s7ZvOmEDp,920,x1,m286
HTqjjPH4FFoZXooEG5n4,716,abu,m287
Hgcjqc8jBSmHOQx4WpQN,354,abu,m288
HlqXSX5gpxagHmjiA512,356,abu,m289
Hvp4vY3GbtgUuyEkmv0N,217,abu,m290
HwRtFaeqyOrlPq7lOpbx,589,abu,m291
HwTJGAxHL13OyUCDbMvC,309,abu,m292
IFWLomsNAPrV7V1jcamF,206,abu,m293
IFipzcyvQUxGUeciiX9h,463,apj,m294
IMUZrx8vuzG1x9oSFLO3,506,apj,m295
ISJ8t32XN0EJawOfrlfV,904,x1,m296
IUsNYmf16d6QZFpd9XmK,342,abu,m297
IXgrdZnLhUhfKuuI6FlR,987,apj,m298
IYOYFUdtAE6BlWavFsVT,885,x1,m299
IZ6JeueVbA73bI3ZsABv,731,abu,m300
IZRH7HE6QSRZu0F9zVap,867,abu,m301
IaP8k6Skc4BYuFhXNdYj,651,abu,m302
IluGLVLGIIFVRAvrp4i6,564,abu,m303
IujuTygOlgrdewA7DOKy,684,abu,m304
IumfMR5kVD0DhODP1smo,434,abu,m305
IvlD3NawiNl1l5DbVFZx,857,x1,m306
IvwJaRFifEubsRmujxeM,257,abu,m307
IzvU2BZkMXTiugYRIdqm,832,abu,m308
J1Flmj11SCuCd0dHHgRW,993,apj,m309
JHLl5vBxnbwZ0wI2yGQZ,325,abu,m310
JIy211Wj1u2ltuAyqODi,819,x1,m311
JOXnqVwxo5Li2frYHGXL,559,x1,m312
JQIpPq6xxIsqXUY72Gc8,958,apj,m313
JTMwkeD5vN69YLvka9Fa,127,abu,m314
JhQmKzZIOWpks5oBIkHK,515,abu,m315
JhRIR9jj8in7jrwkAFxV,633,x1,m316
Jlrn5tXba2EmYFxtXIAZ,352,abu,m317
JoabXqLGwYfjqzDKqkat,511,x1,m318
Jq9qWZXNX5dabbageaT7,780,apj,m319
Jr6Feu5a1f5eNgLQR5fu,846,abu,m320
Js5YITOIOGszV067hi3Y,732,apj,m321
Jzf6tMCtykSBdyjOxtG9,1084,abu,m322
K01Gt3ti1EwDWo8rIPmb,1074,abu,m323
K2YDRWXhfDH2FuFsC2vF,736,x1,m324
K4rwAcIAyIiOFHjmlJ83,615,abu,m325
KBLCTm6GfaIT8V5e9P7C,750,x1,m326
KKPDtGfa9nh4qa0nU0yI,699,apj,m327
KKdSyZ0niIATw4lrGKbE,829,abu,m328
KMrEp8yi77hwGpEX2x3W,191,abu,m329
KQYgkFETaBSMRUjmpnIJ,346,abu,m330
KR6uolfWdTOtcOqnsAA9,478,abu,m331
KTSEFCzy01XzVcpK3lyC,365,abu,m332
KXeblLNhZ3AdKaFHBicN,883,x1,m333
KYTgFVnnYFwOj1FMECFe,853,abu,m334
KYeDTMMfXMjHHuO6LhHp,994,apj,m335
KZMwWvSUQszmWhQYkCGG,360,abu,m336
KaR7H7k25H6EqLDx4D2B,1016,abu,m337
KepUksRdx0QC4Ju1dArP,574,x1,m338
KgYS2NYvpwqjDtwXUXXg,482,abu,m339
Ki18vplALRIqqOz5M6lh,327,abu,m340
KiAqh6yLxC2HMBDR0g1I,655,abu,m341
Ktca5RJjQvWDNbyh0B02,652,abu,m342
L6Mu2A6B3ePCTLTAHBUm,292,abu,m343
LC0357IGwicIRxNvn260,376,abu,m344
LFdN4TSYFdjmn1fVufxw,1075,abu,m345
LFdtc15jEF2qcZkRTZh6,177,abu,m346
LIackIsXxFLTeKDye3Bh,54,x1,m347
LKd2arcsf1w1cImHhRkb,452,apj,m348
LLxHqIz2hsP7tBDrGJA4,980,apj,m349
LMIsrt72PVqgCLLfzGCl,914,x1,m350
LNkF5711P06tY8eIEtE7,321,abu,m351
LWYSlxrZE7KSdLH63shT,936,abu,m352
LWgYBkcOWQP8Xmi0mQ8s,473,abu,m353
LYqZlSCSMaI3afBfbZJB,316,abu,m354
Lb4LVnO6Z8ZazF1iT6kb,406,abu,m355
Ln6odt6BCIGY8G10qpyk,1043,abu,m356
LnnlQ9LLLj63qg7qZZVA,1070,apj,m357
Lqa7JMDFopLlY3WcgouT,314,abu,m358
Lqj9qiWEJqczjvknaN2P,567,abu,m359
M1A4tL9t55TkLjtrBRJq,639,abu,m360
M2dPBnn899Sg9pExf19J,961,abu,m361
M6AA4fdWImbYJBrbOqX2,519,abu,m362
M8BlEFiRxqq4VVvHZrcJ,970,abu,m363
MA08T1rrgex5GVCZ0Kb4,584,apj,m364
MBaEdfkEq8pmqu89y3iQ,266,abu,m365
MH6tLqcCrC40rd7hJ8Nb,357,abu,m366
MIiNXdT3z4jK1B04g3z1,3,x1,m367
ML4CzVqWGmsO4gBQnzxz,657,abu,m368
MQcoxlpWKyqPLwHnI93Y,619,abu,m369
MSaTfz06iBDEjZbibr9x,971,abu,m370
MpwN1VgcnFtLv31qw8KQ,241,abu,m371
Ms71I6RZlfqUHc1iyrDw,541,abu,m372
N1fzH8zvuOswfwBgQkIF,417,apj,m373
N4dKixLnMkS9uCJaaqfh,709,abu,m374
NBKgnSVMfVHezejR1Ugp,1042,abu,m375
NLFVnNqjlOIRv5tv0GPV,714,x1,m376
NaK8VFuexqXntOFktA0k,634,abu,m377
NayNqb4Svn8XHshhs6sY,1095,apj,m378
NcIh5zOhlCzAwP92BIBH,770,x1,m379
NeJMAU3bGAxJRlj2FKnK,466,x1,m380
NhTVVa3H2jhsOX7nbOmC,1061,apj,m381
NjhgaEto6D4NpywbIq7Q,1053,abu,m382
NkddCyif4DOym3CTsVgw,1067,apj,m383
NoMmOqHgxNOGBe8PbzGS,508,x1,m384
NywQR2CcpS7FQQ4GzxzI,51,apj,m385
OBpP5UxTZoRH4iXbiTHp,328,abu,m386
OCpTMzVrLAofNvUJnGQ5,757,abu,m387
OEbY0JmTKHm35cPq6Cyq,385,abu,m388
OGQzDWl0TAYIaCXuWEOS,291,abu,m389
OL08oQ24BWUns3r8KYjl,111,x1,m390
OPFlEJILlABK6F9smx6c,190,abu,m391
OXJYwFlkZltDxpmYhe6w,895,x1,m392
Oa6JneoFd5gSkIuidzdV,9,x1,m393
ObFXE9gZw48nh5rihARU,411,abu,m394
Oc6FLJMFGCDiS8FnfJbS,864,abu,m395
OehUbEjRiszxzhfVuH3I,946,x1,m396
Of8a5FhyEnbkqSc2bGOV,319,abu,m397
OhMuZEelCw5BA1xiEX0K,129,x1,m398
OjkifaCLrw2cdfprDBLQ,525,abu,m399
OldFqBm5U1Ku280Y37KK,899,x1,m400
OsKvS3kPjW37ecO8gO9h,157,abu,m401
OvJD7ewLNcbfLmCyVPQI,740,apj,m402
OysLf3DULO3z85dUK8la,446,abu,m403
P0q6lun8HAxow1FWPdFT,462,x1,m404
P2pumKKq7OuZIE0er9bU,587,abu,m405
PFrc2pjHk2yNboUM7Mjs,196,abu,m406
PHPHPvfkqCMzTI4yI08P,208,abu,m407
PLxsG8vgVUlBv7XXdEcl,187,abu,m408
PNRVPMcHsYanYb7yQJu9,612,abu,m409
PNfJkDlglnkgWdqL6efY,199,abu,m410
PUO93Cu48QyBqbQg5U0F,737,apj,m411
PVquBJBBKBtybHQXvq2w,378,abu,m412
PW3mx9SEoUGPwdOqQYBN,830,abu,m413
PeNrhHCjkRu2nzFjyJ5q,623,apj,m414
Pg31tCzB62fxgmkilOqR,528,abu,m415
Popy45uAYrbuaWepdAH9,388,abu,m416
PzK9FmHSqMnjoLXVGpFS,681,abu,m417
Q2xPMru0tHt0ZhufIi6e,976,abu,m418
QAILgCg8RtUwqZLKb9qX,816,abu,m419
QFdsUkAKkoIPpSzq5tcG,768,abu,m420
QLnQdLGduxdAa96VbB7e,1098,apj,m421
QPeWxG0t3CPLgmI4l6ru,318,abu,m422
QTiVzqI6I73MdzyKkZHO,433,abu,m423
QVdZwwUGN59GOtxy3UgC,862,x1,m424
QYiZflF20rFOcpfEnyxV,450,apj,m425
QZJp2sak8nXSsjB35Rql,401,abu,m426
QaJRn6WK2AO8NNDyg1WO,767,abu,m427
QfmpYMkM5fpy2Wk07BJO,705,x1,m428
QqOpv0Mk6rdIaMkS4OEX,330,abu,m429
QqsdIxsPLAML3l5viaXI,530,abu,m430
QrYpkbNXsj1bpzMjz8ex,703,apj,m431
Qw2krDq52L7OH3zvoclx,660,apj,m432
R04JRLpxGxepAb4GCA8M,337,abu,m433
R06V5sSXIvNKEQzOWley,1029,apj,m434
R0CGXvU8cahFw07oeMTI,935,abu,m435
R4IczFzN6CigH0uwHLUn,98,abu,m436
R5rC3IL3cCb9liF1da2w,1041,abu,m437
R839l7pgGcP4S9TUAPL4,520,abu,m438
RA3tPsxvGndaaCt5X500,1103,abu,m439
REIHWjmG0xGacxUN9TZH,558,apj,m440
RFBhhUQd1KxIGEude5Ae,1004,apj,m441
RFb0IKaqDyOyGgAk0AsC,753,apj,m442
RHNKccDHnXK7bOyHDRgG,882,x1,m443
RISfRnSuCWV5XSnuXvGt,606,apj,m444
RLnKuUMYtGZM0JVt10zd,391,apj,m445
RLz2CiC38vUxq5rciZj1,468,abu,m446
RMW3t5lZdiB4EEQRpCvu,1110,abu,m447
RXvVUS5qlSHKi1hx2Ryh,420,x1,m448
RZJa5TFKNQVQQVO0fuzi,438,abu,m449
RbGq6ZbSC08Epp4Rw5iU,404,abu,m450
Rc45Nr8nZ8Be6MKAJmjJ,304,abu,m451
RjzOb3KacvKpD1uGgPxN,526,abu,m452
RoEmodrg32TQ8LdqsDsT,1054,abu,m453
Rq8D6nwhnSpIhi4tqYDV,778,apj,m454
RrIpkTx1lwWNfvulKE79,691,abu,m455
RsVEL0ZJKwnwpkoVUHzu,995,apj,m456
S3AltPKO2AlDReaTXWm0,593,abu,m457
S6EG7XRvqZauTRve8Hui,483,abu,m458
S7X8KbQ78mWFDZmy6xFb,1000,abu,m459
SDHj9NVkSr6C6Fv63cOb,884,x1,m460
SH8ydLyrThyRBTjto9l5,645,abu,m461
SIvwOIO4bYySK3yyWQQF,207,abu,m462
SJVpSqF4MXwHSSWuGSAT,984,abu,m463
SMtwbMfyyp8nydnprW8t,556,x1,m464
SPvAVV6Ycnu9Po2WpP4n,1082,abu,m465
SQNO0JzMvAoOBkDLanEa,422,apj,m466
SWnScQnVV8YOOBdO2eNr,898,x1,m467
ScgBpwVlL6L3f27cV2mX,192,abu,m468
SdsWs2Zv03XJPVXfQ4Kl,548,x1,m469
SjHuF2PlpQoIQ6UKyrjM,945,x1,m470
SjWouWfMa6oRA0ZCBksb,1017,abu,m471
SuJag5OLgtzDujkIVISF,234,abu,m472
Syejk6E26YMV6h6k5aZg,708,x1,m473
Sz7DevuXPeWsy3CRWq60,449,x1,m474
T2kmoL4ck2dim2uDqEWR,752,x1,m475
T6aZLxRLfdLQjF2sLUfn,822,x1,m476
TAeIRnmnGniUH9gjBhjc,747,apj,m477
TD82zYFr7HRItvaFq5WO,347,x1,m478
TD8WhXdU8ivUfBk1ZQVQ,842,abu,m479
TFFlWpyRim8SYueo7rJq,812,abu,m480
THnPkhAEnmHdda9dJNF0,743,x1,m481
TJDyQlqisQrIfaKZh0XG,324,abu,m482
TJnnJqaMdhPOgpqjW2Oc,1096,apj,m483
TLBbV0gZjWPkGk9O0cVt,551,x1,m484
TNvyCctyr602bUZlUhnj,408,abu,m485
TO9V3RDeUCDqsK5TqXSP,682,abu,m486
TVOL2lkzSw5fAEAqjInz,1060,apj,m487
TfcMTcsYyCl3BnOBeyNr,886,x1,m488
ThJ8sKENwDMvDiu6sUb6,198,abu,m489
TivhfXb63PUJa6J2VUp8,250,abu,m490
TpCVuL6lZYiSvMh8p99u,748,x1,m491
TpDIcbgFfTPzfbpM6pS2,646,abu,m492
TwqM61YphD9ulU8mSYYW,710,x1,m493
TzSLImiy6Y0SPn0oQAeR,1001,abu,m494
U4CMwLAP1iBecLW7ux9x,173,abu,m495
U616wzOfWQEtIVBtlynU,136,abu,m496
ULoSoNFZOkRlqFGIOY9g,216,abu,m497
UNPOySDuYmrD0FufQDY1,1046,abu,m498
UXZyGn6CHW0Y9mFX91Ds,143,abu,m499
Ubm01PqOcQiZ1Vr1KXnb,845,abu,m500
UgSDh6dK7mjNnFPNOwrE,721,abu,m501
Ujc4QVWysOof5L7wF9ra,178,abu,m502
Uk9dnaKpCtLIWdpOlYQs,382,abu,m503
Um1DhgAN2W2Offr6fFSs,282,apj,m504
Uu7P2pQXOF31MdxChKHJ,614,abu,m505
UucDmfe2YKhc4BOs5zjL,139,abu,m506
Uv0Y0MZypTBXRJ36rWiY,854,abu,m507
Uyk4KnJFzqYZsIfxTO2G,161,abu,m508
V1s9oCS5KgD9biWYJIRy,688,abu,m509
V62xkbULHEG1SF3DssJL,998,abu,m510
V7mK3pT4PslEqegzp8NF,888,x1,m511
VFXnw9WzkKu3G9lLSKfv,278,abu,m512
VIeBrc7wuyiAyJqMUHfQ,300,abu,m513
VMwosPShyMiMell8uVzm,1112,abu,m514
VSptesuWLMPuyR3cS36w,349,x1,m515
Ve6ol4W4f21XQPFhWvV7,833,abu,m516
VizmBhkUNg8CC8RORoeo,966,abu,m517
VzwfO9LxyH7oMjkDMt9B,1048,abu,m518
W0QRfdLVx3eLkLpSKTjS,386,abu,m519
WA3eJReREwT7Rbq2ooyG,1083,abu,m520
WBdVcjzNahFIvQe80Spk,516,x1,m521
WRAWIyxaqpyHMIGCOpKc,865,abu,m522
WSN06x1dc0iggpcssqWc,969,abu,m523
WT8xXAqCpxSB09TdO65J,148,abu,m524
WX0xsYse7xQl5TOAJ47f,118,abu,m525
WenwlvkSf37CEN6aioiO,630,apj,m526
Wf6ilVlAnzLNRsXogz90,1094,apj,m527
WnYhP1y6gH0ujn7JOmqD,369,abu,m528
Wnih0NdBARvhv7L8POt5,960,abu,m529
Wo9vrKTNiixkjZkhzygg,963,abu,m530
WuKEmMoUg8OM8ir30WT6,397,abu,m531
WwGs40X6D2CGkwmjxzpt,247,abu,m532
WxiNbkN0BSrwANnJZk0F,999,abu,m533
X4pqNnUcv4VeVqERutft,695,abu,m534
X8QbJbU3JRUW0gfdVvg5,277,abu,m535
X8YXsBNHKNQkhJ3jpa9F,293,abu,m536
XDOKWk8yD6WPi1p7lRSZ,901,x1,m537
XFYDF5SVtmsAhqoXVF4w,501,x1,m538
XHwZPYjZC21AkVs3YUgP,537,abu,m539
XNElF8MnVulhDMg9JXDx,739,apj,m540
XThUQ4lxcYmRiM5JXY8w,262,abu,m541
XUnsQ9k5P9GVgeUdUWyn,989,apj,m542
XZCbUs8Jw5gbUssBnDy2,331,abu,m543
XjXdhZ9uOKE5jtjbO5lj,163,abu,m544
Xkyx5zsux3pkfB9J42ei,632,x1,m545
XwqhXV9mSttBYurjMG9O,992,apj,m546
Y0V90TLl5YMsqQ09yoll,643,abu,m547
Y378Sryu9DhVwi1Sut33,1018,abu,m548
Y5cIkhK7V5hOocTXznOe,274,abu,m549
Y6O8SBw0CEvgl6sUPdJK,57,abu,m550
Y8WGejWNdV2fNJvow6uu,197,abu,m551
YBM3onTUP3RqtJpXiBY0,1022,abu,m552
YJCuRIDWaupdJ5RG1o6g,880,abu,m553
YL0cdp0wMU2DCe9QyNHx,986,apj,m554
YLx03wb0PMdJh9ZHfw2s,492,x1,m555
YUM4diVbqXQY6NuOWmp5,715,abu,m556
YaEaNRw0HVelZhsGEP0j,908,x1,m557
YfQCnpZmAxMp0BrhaBpM,236,abu,m558
YkyK7zJacmMB3kyoTuU3,245,abu,m559
YlEjfDuhrdrsSlk3KvZH,1085,abu,m560
YmX3A4wWVkk1Gwa9aTYH,432,abu,m561
YrJRo4lGMSFesFGbQayP,302,abu,m562
YvFJ4eS6jFHUyg3rsRTJ,1059,apj,m563
YwSyx0AQhUur3Y7AWYNb,476,abu,m564
Ywz8GTuAU8tXV0JnOXH1,611,abu,m565
Z3zxzyINYuUYZUTOanNg,700,x1,m566
Z5QV2yN7SquKw0vtp9wA,926,abu,m567
ZBV1wboTk0fPrvgSc1hw,474,abu,m568
ZDAfc8PliSSfkepY7ma8,396,abu,m569
ZNyV5oxNMhZGAp1J5BYB,131,x1,m570
ZVStBWD1COoynT320QhF,1047,abu,m571
ZX0YbSBmUh32yZacG2wN,175,abu,m572
ZZvSlJToJ745FjgkS4PK,786,x1,m573
ZcHO4jWLHmD0tcvXYAi2,759,abu,m574
ZifF1wLvsftJvWf1fDuY,460,apj,m575
Zix98PJRokYOlHQQqJGH,850,abu,m576
ZnZaXb4AcgwtaLSOi3nZ,933,abu,m577
Zqiu5ysw2JxUh5Z601nu,678,x1,m578
ZvffS1uQyQV3d696SmZP,88,abu,m579
ZyPxQasEjsbc8emXxxnS,654,abu,m580
aB9WZg31krcnhq9t6wyT,174,abu,m581
aEO8vDgYicNZVcuiKUiF,692,abu,m582
aMVdia9k1TTmmGtOr6S0,690,abu,m583
aO8DrLQNIDqh52AK6kK4,1109,abu,m584
aYKEja7gOgWuyvVOIhJv,1077,abu,m585
aYTlLZUjEQsmGLSMsDy0,510,abu,m586
aYxid7dEV7Kq5OBiTGvt,1040,abu,m587
aZGfq4UbHYKEJT6qplMA,1064,apj,m588
adGVOAa5F372WRG30zFe,497,apj,m589
amh6E7m1qxjlX8Snpnsa,399,abu,m590
b1TEgIl9yNhJbriIB8BL,162,abu,m591
b2FZOCVUCaPDmJG6WTkG,991,apj,m592
bCczCp39eY9mea3lloR8,108,x1,m593
bCn3EpeXmXyY4Zcie84Q,871,abu,m594
bLCtaWzxTZtVaZKJyLWL,147,abu,m595
bOMEjHnRcWku3LqqGrXx,773,abu,m596
bRBHAsXYCGTDVcsL8uVP,457,apj,m597
bT11cISb2SkJCiU0iflG,552,x1,m598
bZnuuMieniDizmBYHEFH,212,abu,m599
bogBp7Tc05Y2VuLghT32,456,apj,m600
brgmf9RSTm9iCOR3OS0B,270,abu,m601
btkybqbzYYJlRvaGSxgX,1050,abu,m602
bvPlKmfGezEra2q4ezMP,797,abu,m603
c3Rivgl5TKHd3nvADEHi,227,abu,m604
c3ebCo1WomCvkG65et47,114,abu,m605
c4VN9gtk6gIFzRa1LyrE,897,x1,m606
c5sDk5v9UXOCDuMSPTr8,1087,abu,m607
cBFfAW6K4yqg8kcHXpwv,480,abu,m608
cCC50jYwPsxziEd4zFDZ,426,x1,m609
cIHgZKCr3f7imBNQrfxd,409,abu,m610
cKQEwG9Bnz8Nkgb748mu,804,x1,m611
cNSHnf2YtXr2Zul4J7pv,1052,abu,m612
cOYXttzaSjxs0f2RQsxn,135,x1,m613
cTTe4nnrwQ4V0vfHO63R,810,abu,m614
cUHz4qT9lAkEvHLMjRpA,704,x1,m615
cZeZ9wgnaJGcrke5t1tt,1071,x1,m616
ceobu2kSjohw8OPlr6OC,158,abu,m617
chaqvNBle3aYWTOu1Sk8,340,abu,m618
cicDFqQakiAiUGZucpNU,151,abu,m619
cj9R69jviQUABt8x8jVX,344,abu,m620
cvlt5No4oBxbZgnwMREU,395,abu,m621
cxeFHOh1VZJSenPX36qe,698,x1,m622
d9KwKMFxOWaLmNAeB7MH,545,apj,m623
dBRwvLvDlID7jXL0x99y,795,x1,m624
dCpbaEIiGpqS4vaU4bdq,918,apj,m625
dGjRf8zFI56u9WdyWNtc,204,abu,m626
dHzWASRqGVklffAVzSWL,1039,abu,m627
dJ9Yl263CFVTO7ArPiao,943,abu,m628
dLD6LgVahDVYQW2jyYX9,464,x1,m629
dM9WRGg72dD2WcesRYFP,595,abu,m630
dMhUEwhFQwekFRD9pg2n,890,x1,m631
dNOia6FzyX4JVpSS7nwY,964,abu,m632
dQA6MGXjt4b1ze5CZlst,253,x1,m633
dSvpsmOqwhMudpFs60jb,260,abu,m634
dUSazlWlovd7lqP6WOe4,923,abu,m635
dUZBfHFZlkKfcaG1Q1f1,394,abu,m636
dXNlRlveMGsCqK0RGyvJ,339,abu,m637
dgZTc1PEpwQW33599i9k,711,x1,m638
dkrlPGExCkHTjtsvLw7b,467,x1,m639
dtn2CEfxUSJi98YIvbKy,359,abu,m640
dtoZVRN3ZCFM2m3YRtbh,863,abu,m641
dw8FefBo7OZLLHborjxZ,1073,abu,m642
dzru5RKqz5yc25QSBokW,809,abu,m643
eCrbo1UHUNbcucYKGsoM,934,abu,m644
eLCx1C6cx73s32WaL0Y3,2,x1,m645
eOg5eTbYoiSW9IstQNQH,735,apj,m646
eQsGDEGBAXckek0AdqOA,455,apj,m647
eUrNAz99ed67eY8joNF8,109,abu,m648
eVcXOy8sr0Lg8ZdQnx1K,387,abu,m649
eebiZZ4vqDbCx3XFjnyf,560,apj,m650
efnh9cZ1QVQ5DvQpfSqp,727,abu,m651
efpwbMZgiVQMYl35a7Du,755,x1,m652
ehV9kKJTnLYsEoaLoEX9,431,x1,m653
elcBst9Ky3CpugLijsij,119,abu,m654
esSHs1SMJ4vqJf7mKnHM,878,abu,m655
ewNxrmAW7U8lP53hCL8s,1108,abu,m656
f1MdXRM2N3tEpb09Gr1P,610,abu,m657
f3bgcgwC2Oij58dbH8hK,665,apj,m658
fFFAPp7wyi6YPiVdNsHk,400,abu,m659
fNkPRnsmuuzMdpgQpDrk,273,abu,m660
fOFQRqDuDgIgh04xugkb,427,x1,m661
fRIgXNggpuBftiJxVMXn,518,abu,m662
fURqd4cuZACvjTX3AdqU,91,abu,m663
fZhnydFDGeTwqpT1SyR5,813,abu,m664
fgY7IXhwjE1G11s4o9Km,860,abu,m665
fhSSYMELnFPvE16t4Gvj,441,abu,m666
fhsM1XnOVD6M7W1qfqKh,517,abu,m667
fjqyZ2sg8jNYvXpqeK23,826,x1,m668
fsWzXaJdi2kO0UGTuzPC,285,x1,m669
fwU9BtWMTFoGB66izb54,937,abu,m670
fy3bzdlFGN0faKzXtfbu,762,abu,m671
fyXhEpHyiPYLnzWvhRig,335,abu,m672
g4J9zUK8AOOpwekZgUvu,843,abu,m673
g5Dkxn1bSyu1pX6jm0Ys,590,abu,m674
gBCOmVSf9PU7qnsXA6lz,436,abu,m675
gMzOAT75UHwH6vZqCCcn,358,abu,m676
gZdUDkg8e6tz4lJtq3Sq,137,abu,m677
gbebjzf9A5l7pyWzJN6g,116,abu,m678
gcRh9NoOaOjiqYLnCFPj,562,abu,m679
gckZhqGstKPBZ8jEnjbT,494,apj,m680
gdG1v7OelAfvYjC7DIXe,222,abu,m681
gdt5B6Wh5HnnUkIinOK7,972,abu,m682
gfZTw9dnNxae6sbSLxBx,965,abu,m683
gg35ArHEKmrHZAOyPOtw,306,abu,m684
go3e2LoVqZvZQVks4yaQ,439,abu,m685
gp24nFNI1cJgGqeYEhTl,894,x1,m686
gw9RQUhREJWlt8IphGtX,650,abu,m687
hBE0sXgdSY31mKtPHrZp,104,x1,m688
hBGFk73bkGhIwwHKIHBt,566,abu,m689
hKhLEATx5a9M7z9Wu9NT,783,x1,m690
hYd30BKeJW2gmNWUItOW,834,abu,m691
higSIkNSF2toKc8VaHge,481,abu,m692
hknkDoeWkGf6n12wY77R,110,x1,m693
hl7F1hvaXurMf2qONpo1,858,x1,m694
hndi6qRgxyqIS0JDpF2M,540,apj,m695
hsUUDyQ9AlYOQ5DUxTZg,568,abu,m696
i3kakX45WT3FSEVn7gix,283,abu,m697
i3t5KMBJo0QpXhrRVJuP,877,abu,m698
i5Vvcktgx1p7jIe6rQS2,800,x1,m699
i8KHelQdgTPUjSW2xy6B,8,x1,m700
iAfIcnCsIQ1MaN14QBJT,944,abu,m701
iDT18XazTM9UUrvOtOX4,1034,abu,m702
iN41XOB5tCAzpge3DuJw,932,abu,m703
iNVTrEegb7MX9dTbDCPB,384,abu,m704
iPf6lhxs8hS0AbYIo8jE,364,abu,m705
iSK2VPt8U1uSk04GQq7t,869,abu,m706
iZ2aZGWn6PqtTDkzVgkU,232,abu,m707
iaN0oFxiYY1JHZwj8M5t,717,abu,m708
ies1AvWcXHGFr9onxFlG,307,abu,m709
ijuw9u1N8n7vRsTt3xu3,317,abu,m710
iq2Osqe4rFHmIuTRMVuq,1055,abu,m711
iwvfjpMSlCXPpIu9IT0R,289,abu,m712
iyPfovz2XlXCcd6XW2BK,205,abu,m713
j4P0PH98KeJuu30fsduD,1044,abu,m714
j4l2vWWi3QiiAMFgGHCv,718,abu,m715
j5WPvBIHrHRFOxdwylTe,258,abu,m716
jAHRRiVUafuZYkjAEHEO,534,abu,m717
jKmaHa42rqHZyBc95pPT,461,apj,m718
jLEJ6nYff90x6BYZLEhe,423,apj,m719
jPsW6hRZfHg9eoIuNarO,835,abu,m720
jS3l8yNJqxsy2KopIOoz,613,abu,m721
jSYiDuHLLOnNvhLOR4Vv,808,abu,m722
jUVSnt1a8BBKXu3YPJBK,957,apj,m723
jUY2nSAsfzG50Qf35LdZ,122,abu,m724
jWnYiJtkvP7Ti0gZlHCr,811,abu,m725
jYjey3Oirk2xlT7TJYJM,256,x1,m726
jYo9cgDjspHTjOn9i2L0,636,abu,m727
jcwqz8plEjKpRXl2Nhsf,132,x1,m728
jkjju3bTwgWpMxwMudzv,896,x1,m729
jsgA4TaaYicomaaV5O0I,87,abu,m730
jt7LReJlnhOOQc0AQLtg,279,apj,m731
jwgCspcSKTeXNCzPKLTa,851,abu,m732
jxiphX4j5JSFfM5CIrzt,1058,abu,m733
k2Hfsthh71TOF7p2HN6v,242,abu,m734
k8PYcyrsE1bV2bLvMxLf,249,abu,m735
kCoyjjoNBycr1KeoIM8u,275,abu,m736
kES3lRtKbgGlcfmCNHVB,5,abu,m737
kIpGIDWBXx83R6Q3xvfk,796,x1,m738
kJwoOOtkLpzEPygTyrQD,784,apj,m739
kLQknouEQK3AvDa5v5Jf,1102,abu,m740
kMxYpRlWxYPgzStQRLhK,827,x1,m741
kORxagRg7GqU8pbq9wq1,301,abu,m742
kPlVaAe8ddkoqOSgpDaB,1099,apj,m743
kPwMtYGSHR9CUhKWWsLu,332,abu,m744
kRdqcWlPj6qprplmP50H,252,abu,m745
kXHXGi5pNuefdI4qCjTw,588,abu,m746
ka5EX83swOfddr46vzE1,892,x1,m747
kdugCrRldBaWjFor2zou,782,apj,m748
ke0cmveQVwGxh4kJ6iVs,128,x1,m749
kgX8btaIQs4dUFfGcWSX,806,abu,m750
kpiRG7wIsG17inAMKR50,167,abu,m751
kqWZU0j4XB8ZSlNDaMRH,794,x1,m752
kx0JpGqV33lIVNahi6sI,955,abu,m753
kzM6Hqj1dtnISn4AMKHP,542,abu,m754
l3Qjv6cb8xGLXJKW72AN,437,abu,m755
l3zZyZafdPOuyLeLng1W,949,apj,m756
l4DsH8FyDlH7C1uxcbcG,855,x1,m757
l8v067bjfVKobvjBPHM0,664,abu,m758
lATleGCxJ5augDm2cnSr,906,x1,m759
lFDZ8fB7zjGL9uyKPici,1003,apj,m760
lGPmJZvvDh6fGxnS24L4,221,abu,m761
lHMFEQBIVGSWiD2fpT0f,1005,apj,m762
lL8hurOFiwKanA5Y1gWH,493,apj,m763
lPWI9xQo0uaShPcnjuvH,742,x1,m764
lPZHEZRXN0Lv8OuWg18d,403,abu,m765
lQ8AqhLtiTB7HHyaU2DW,536,abu,m766
lY2Z5cYdHoVxTq7ISh5x,1035,abu,m767
lfhhesjsPSP1C20o7t9I,746,x1,m768
lkHh1pwbGzdhscdlNU6P,929,abu,m769
lmrT8L5MaXXE4wkRyC2M,535,abu,m770
lqXdo72gLI6NdHhF7AfH,602,apj,m771
luzZTOfnwPAfoQsiIRvb,218,abu,m772
lvq8TbXXRKoNoNRmNrTl,297,abu,m773
m6rmdkSqdj6BCoBCBsMH,572,abu,m774
mDoyvjsZZhOs0lUAFiti,805,abu,m775
mERahUgHNSoiRPYSOT7u,953,x1,m776
mG36oGJAnbhtUzOPql0z,124,x1,m777
mKWCCMIP1x8WDUlSrrtT,577,abu,m778
mKfo0yrQEo962OBihJY7,230,x1,m779
mU8ea4P4ATcKv232FvXW,815,abu,m780
ma6H5BGG9QWNJJ3UupsP,121,abu,m781
maqLNeLOeRDECptBo8QX,475,abu,m782
mbwHW26Oz5L394L1r96Q,670,apj,m783
moHVVi5UK4ZW0Ry1mHy2,685,abu,m784
mpDOcD6j8ouwDYD9I3Ht,978,abu,m785
mwWvU2TBt6iySbjowumg,952,apj,m786
mySWR8yjoC2AOCvRueJK,777,abu,m787
mzIzkmptHiSICKvE8pLi,310,abu,m788
mzso0NgwTQnwKg1yKN6G,238,abu,m789
n1x7uuzgH376bVYNFWIx,637,abu,m790
n3ytGPKOS0oKijgrEx4J,165,abu,m791
nBSLIKyc2yNMeK86Udqx,774,x1,m792
nEJ07sb9516MzCAFFovE,1088,abu,m793
nFMMJEqP46cqcd9uKCGu,421,x1,m794
nLKl1MdDIvlYsz8se7cV,598,abu,m795
nLyi9dY4ea90t1ngp05Q,442,abu,m796
nMDgdX03YNni8b8Xxbvl,144,abu,m797
nN080cCUfJAJuPcKvXPd,402,abu,m798
nQe2phvGwUG4DVCEQ8Vs,1006,abu,m799
nQwTAgga9fINkQ99xFfc,413,apj,m800
nX0OUuYXFIvdgImAum1c,513,x1,m801
nZkI2JfnUJXETmDyUS2y,787,x1,m802
nbfJcN2C3felGjj3bx8j,93,abu,m803
ndk5scfV13A4jdnOfzPf,550,x1,m804
nh6bGPpKsYvCkYOXBSec,130,x1,m805
niiNsAd5NXz7OIc76Hdq,729,abu,m806
nj34rmmQAK76612yoYWN,647,abu,m807
nnG0CGmhC7bzpAugJu9J,648,abu,m808
nnrTBKigxHBu0CnRXcpu,801,abu,m809
nqYZfR6RDGVpSaG72hrM,818,x1,m810
ns7xryKKzS5QVEzUvpY4,1056,abu,m811
nx7dqcqaLZGwfgnPk6C2,578,apj,m812
o1cVIybZfSOOTmGSi3I6,504,apj,m813
o3JtllhNF2Bjk0w4RssE,215,abu,m814
oAArbgEGTrs6o5bNZnNv,625,apj,m815
oKxy8YbssvJAF9ZUYdty,579,x1,m816
oNG1QraBk6xCSrlOzm8H,505,apj,m817
oP4QEAjpeu3Vsv2Jrz28,1033,abu,m818
oVFYRMlTYCeUgAYjB3ZN,486,abu,m819
odkatm9IvoLqEhdsIR7U,1081,abu,m820
onTKuWWSGj6cf51YgFz7,371,abu,m821
opUrwtfvBoUXw339w1YQ,582,apj,m822
ouryDHor7iVbHtpljbHa,1019,abu,m823
oyUO4Z5LBrbjkohPNtcj,941,abu,m824
p81A8ICVFHpap6xQHovA,1063,apj,m825
p9djfWXcxrVQAE3puB8R,1079,abu,m826
pA52rRQ63d36QBeVUyq8,149,abu,m827
pDi13wbhtybn8b0mYygQ,50,apj,m828
pMXdcUEOismqlGHMBACA,477,abu,m829
pUvIJFN8vEbjBz30BfeD,268,abu,m830
pWMPDE0Z1XC1dkG9Gtml,982,abu,m831
pZLu0ZrMXe5nn1Jz0x55,1028,apj,m832
papCCPsBsYeLpojox9cz,931,abu,m833
pblKS0B58sGZiqWzUf21,868,abu,m834
pj3D34LBm1r2wUOyivEb,367,abu,m835
plPE3WABZvjw0ItZ9Vgu,763,abu,m836
pm59kWJ6lERsRAcrVPC1,6,x1,m837
ppRDOl70GshWnlG2JUTu,55,x1,m838
ppu4R9Jl6PvdKeBkOg4m,686,abu,m839
pqfypWaqSHhJFK6xsTCq,1008,abu,m840
psCgy6AUtCdTL9RS45Ev,488,abu,m841
px1zCZgmIE476ZzsDqQz,667,apj,m842
pzKi6ExubzHpPcWOrM1A,1072,abu,m843
q1UaAgl5DR7YdazVktMT,235,abu,m844
q2hef9V3c00VvYic0Kwp,967,abu,m845
q4d6cozPhvCxFtAWT3Hq,565,abu,m846
qBWkqgnlvbqHE4BQedny,719,abu,m847
qCh6WcuqeLXzo19q6upn,123,abu,m848
qH3H9QeEzpuuh0ZhznYq,814,abu,m849
qHrlKQ8xCYtH7w0G4r3q,375,abu,m850
qUDdXBje60pdK4jXsVru,484,abu,m851
qXtHwl8WuzPB79qkRJcH,924,abu,m852
qZRG4eIYt43BoRwLFFzS,600,abu,m853
qeO57Gi8Lku1UJN2CsAp,84,abu,m854
qhg3Qy625dY8m5eJ8LWS,379,abu,m855
qkRMQQUB0YxJjJX8m4zi,531,abu,m856
qpldfXJA8V6fiWZF2hgQ,272,abu,m857
qsww9FNYqujlyX9NK2iC,239,abu,m858
r5WPlTa0KEe1U8gHelNs,764,abu,m859
r5zjccbzNL1IhGK8uABy,734,apj,m860
r6BhucbYfPTjciS4y72h,315,abu,m861
r9QB3Ys1NJDgPzekHOOq,362,abu,m862
rAwN5lTd3NQBNJG8T83m,824,x1,m863
rHcIFKPDANTRixdKuLWZ,90,abu,m864
rOsdBrvFoYBRyv5AsGIP,930,abu,m865
rQ3pp5UwgRKk38jCYhuw,425,x1,m866
rd3Df3KBqmh7igBpRtR7,141,abu,m867
rfnoUOsfBOm9KWBCmcLP,839,abu,m868
rlVfAzxX30bZtZhhMOK1,668,x1,m869
rlloHMFylgtHh1XVd6tF,942,abu,m870
rm8BXm5rldiIRmt8eRoc,220,abu,m871
s2RGTd3U7Rd4BEDpI2Ea,498,apj,m872
s3iJQnDXcw99XeXtGBUi,313,abu,m873
s7NFfoMcgvjYjdEKOVFr,194,abu,m874
sBBkJZ7TVD3ue9MN1Bs6,145,abu,m875
sE62XpSQWJzwQCUiMx9z,377,abu,m876
sQpPvl8MFk9VhSLKIxZy,440,abu,m877
sVLIQre6ZcSLIW4pmYoI,368,abu,m878
sWvIy3vlqgLewseq8pQP,575,apj,m879
sdUMCYqbbHNtntcUBD5K,661,abu,m880
sgVIOnot2mIu92aldrFy,89,abu,m881
shHzU2ADtQLUptOdX8hY,453,x1,m882
shMQWYAA3ThmsimzFi0l,166,abu,m883
sj5utfK700hesdNDAyBm,959,x1,m884
skZos9wnU28jPtFFvNhR,288,abu,m885
smpqswhs8kVP63oh5gyq,620,x1,m886
smy0PdnJsBk4NEnHAjQg,658,abu,m887
svXSoxqEPGStjpDGI8Jr,1024,abu,m888
swYXEcFaKs4sVomMvLAD,697,apj,m889
tCwICHmyi0fTwsLPnyQe,101,abu,m890
tGZZ9p0Em2btPPBONM2E,138,abu,m891
tGpX30Mw86TfC0xjHpLw,628,apj,m892
tJBgQEKJFQzbT7SHuR9g,370,abu,m893
tKdovR47hXvBjcxpVUFa,642,abu,m894
tTad1GtuxWp56B1wdnWy,622,apj,m895
taxa4xMcBe8NsxlbyPnj,861,abu,m896
tcSeIzEmAIJWrHkYz5NA,355,abu,m897
te3fQZtJIPD9QHSi0JW4,724,abu,m898
teEVPDLPMf3BrwWTsuXs,500,x1,m899
test123,12983,abu,m900
tf2qh2CeSrdFQzb7aE0a,983,abu,m901
tigqifpdbMR3mMdJnpKh,284,x1,m902
tkco4XnnbYU2AloUTIQ5,495,apj,m903
tmnxGSV76R9aIIUVYttt,605,apj,m904
tocQMHQqRljQs9fAsDsi,583,apj,m905
tvL1oH80wsWWjhic2ITM,903,x1,m906
u0IPDMb0a8eNoC5cZ2Hi,781,apj,m907
u3rsOsAAOWpOcZCrWN0f,133,x1,m908
uDjjEWKPcptTEDiP5FtF,1020,abu,m909
uGLZ638RlP2x3kIQzIm0,334,abu,m910
uKMpbBRSeOgu9WA9zm49,820,x1,m911
uKYXlHONCHryuMOcrfcY,546,apj,m912
uNpGDf6NT9ItOw872UtO,1021,abu,m913
uX4GeRdNc9msJGqB2UeH,997,apj,m914
uXA6gQYx0OeJ1jhPLlah,638,abu,m915
ugPJzjIutkgnsWdN4rce,390,abu,m916
ukxvQGiVxgoyoPVfdRqf,635,abu,m917
unqdpBVn8B8OlUMXhhdp,82,abu,m918
uofygL84m4r2RwtkwyjM,954,apj,m919
v2U8DFxiPVtkqg21thH9,776,abu,m920
v4HDpm7zSP8j1x2du6gu,451,apj,m921
v6cjbdB6bywgAmi6gTXh,905,x1,m922
v9q4kMXgKqFdkJNnLCqH,974,abu,m923
vKCu2yScyUo4YpkO19I6,585,abu,m924
vKqVs4c8Z0LFgLhQi22d,529,abu,m925
vMUIQtSL5VrNsopbfOMO,92,abu,m926
vN3zCoVIOZq1j851Z5g4,754,x1,m927
vNGdqfxj2MCg1ZwTBrh3,975,abu,m928
vO3ZVTfxT7oc0vwWC4ci,847,abu,m929
vdLs4yagsH6r3xZ73Y57,597,abu,m930
vdMDdh7A7pl4msfLgYs3,512,x1,m931
ve4UfjmqbY5hlow9uQuh,707,apj,m932
vnV5tCkK2he5h5z5aeIF,687,abu,m933
vqxMx7PgMP94vEa6HI2N,785,x1,m934
vs3A12u3ujNr4FtGYzpI,1036,abu,m935
vxhAdR8WNWtC4YYe38sd,649,abu,m936
wBBoHMSrzeHwzcjRMdQZ,308,abu,m937
wC46jlDCSoTwqIDGqNpH,616,abu,m938
wDU6hZGNwgdeqXlDFsrB,448,apj,m939
wJRqLMKoOOWXgIA5rAj1,231,x1,m940
wK6NtwC6SQ8EvbL8VVB8,848,abu,m941
wOKjX608gER2Z4OVzCB1,381,abu,m942
wPrPkjDuj6sJ7SbCEDIL,758,x1,m943
wVWOlvmv06fIcXXlGh26,7,x1,m944
wZ3WNf0XOhNv5zYkeaif,675,x1,m945
wgBTLwnpWFoCjmKNI4jd,876,abu,m946
wiOZlmi9XHvpAK6IGzEB,322,abu,m947
wkJ36qNZ8lIw9ET8lxy5,817,x1,m948
wtctOcaOoN6yqLzdNLuJ,912,x1,m949
wuL4haMm2o2rNoCbx9bj,113,abu,m950
wvrUV4lJwgbG4sArAbsC,298,abu,m951
wwFkNBTeHa0VW4W0tWNd,836,abu,m952
wwoDC9swHOdHaKNobqrX,916,x1,m953
wzD1IElCVUSnXmWJP0ja,134,x1,m954
x5jNzOTx6W22rxHHUaIA,561,abu,m955
xA4MSMtgy3LUrVGiDXl1,1093,apj,m956
xC3fr42pc8R6kZCohaPI,1106,abu,m957
xCtGNPJvTzQZeE5hroqF,870,abu,m958
xJp1BKIZJ2xxYdJ58iTi,106,abu,m959
xZNIrmd0imHGWiBmfMPb,581,x1,m960
xaA5SvgCgZP2WqWVGHR7,624,x1,m961
xav0Nn3ldnYoJTYaS8eU,458,apj,m962
xdml1RIetaxQH5ju14Im,229,abu,m963
xhvV1PJWxxV32EmKmjRd,553,x1,m964
xnnWMh3pOV7PIGRpXdU7,1062,apj,m965
xoF9g0BO1v62qU9WXTJe,1045,abu,m966
xue0PfPsAp8Oa3EBxf2s,720,abu,m967
xv2d9Fa3ww3mTM2TVtag,459,apj,m968
xwHasn9Efe8FOdbvRknZ,172,abu,m969
xzHRK97eUiv6dn5sHVF4,312,abu,m970
y0Kn9QUzWKyz67FtiqeE,380,abu,m971
y1Jo4bQk9WKMWJnx3WmK,723,abu,m972
y1cKNgaK8pvipzSj1t1u,168,abu,m973
y4KbqUSsjxRds4vdt7ZJ,765,abu,m974
y8ARVFZX8CDBKW74518g,921,x1,m975
y9n2sqhGIcAG1SxkQ93U,470,apj,m976
yEdmOXeEsyWvzhpXcyYl,472,abu,m977
yIk2h6Sk2FQkjkemFXg4,838,abu,m978
yK25JJSV1TgmOeIgfniQ,653,abu,m979
yh0QuJzqKrYbdgXSN4lD,185,abu,m980
yho2QRry4jUFANXrY2zA,1023,abu,m981
ylrxDDyfpYqs7smbN4ES,656,abu,m982
ymVU821khxdpKwc0L0BO,412,abu,m983
ynDcjzNwDYqINxRqKm7Y,549,x1,m984
ysX39bFBpFFoITxVqMh4,557,apj,m985
ysyfs1dldANmpO2m3Cn8,86,abu,m986
yxEGpeeiNRx2iNC4OppS,760,abu,m987
z9Bk2fUr5uljyBlyJAFk,1066,apj,m988
zFAvKohjxArZGMyBSu0d,1092,apj,m989
zG3BTaQQHgsegYUv19pl,823,x1,m990
zIoqjtoGbiCUJahmNdLM,496,apj,m991
zQI5pm8mCW8Qu7O08axl,261,abu,m992
zU3ED5Derz6w8PZ5PxgQ,925,abu,m993
zUovUk6Mu6HqGdk56raP,487,abu,m994
zX9YpB0gtW4Ibl8R54CS,772,abu,m995
zXrbWGCGLDpfqCnqpfjy,789,x1,m996
zXv1KI7O63JnrSjwSNum,919,x1,m997
zdw0gHwKEo5vrpXewir0,1010,abu,m998
zswELvZT1g3JGty38BwB,1107,abu,m999
zz4qD2QjbNG0Cpz3RgYS,547,x1,m1000
zzFux3UwQkTmuRSyznX2,973,abu,m1001
